band0,band1,band2,band3,band4,band5,band6,band7,band8,band9,band10,band11,band12,band13,band14,band15,band16,band17,band18,band19
-81.19555223200001,-47.269467168,-47.269467168,-47.269467168,-1.5437027220000001,4.3519192019999995,4.3519192019999995,4.3519192019999995,5.503505650000001,5.503505650000001,31.08222165,31.08222165,31.08222165,36.02653303,36.02653303,38.017319054000005,38.017319054000005,38.017319054000005,38.464130242,38.464130242
-81.19473589,-47.272460422,-47.270827738,-47.270827738,-1.4936337460000002,4.351647088,4.351647088,4.365524902,5.48173653,5.512485412,30.713779294000005,31.037050726,31.037050726,35.460263796,36.511168064,37.026824094000006,37.026824094000006,38.031741096000005,38.972711308,39.610546524
-81.19228686400001,-47.28116807,-47.275453676000005,-47.275453676000005,-1.34424316,4.35246343,4.35246343,4.406069888,5.417245512,5.5413294959999995,29.878389314,30.860448740000002,30.860448740000002,34.35031079,36.088030794000005,36.088030794000005,37.694319736000004,38.076095678,39.920756484,41.062274714
-81.188205154,-47.295045884,-47.28280075400001,-47.28280075400001,-1.098796332,4.352191316,4.352191316,4.47219359,5.310576824,5.577248544000001,28.906942334000004,30.450372942,30.450372942,33.106749810000004,35.501897238,35.501897238,38.149838572,39.242648396,40.888938096000004,42.592371736000004
-81.182762874,-47.313549636,-47.293141086,-47.293141086,-0.76327977,4.361443192,4.361443192,4.5652565780000005,5.168533316,5.635208826,27.947196256,29.753761102,29.753761102,31.859379234,35.353322994,35.353322994,38.266575478,41.015198992,41.799703654000005,44.208184668
-81.17596002399999,-47.33559087,-47.30565833,-47.30565833,-0.34694535,4.377770032,4.377770032,4.6781838879999995,4.981318884,5.707046922,27.037519154,28.817144714,28.817144714,30.650376731999998,35.581898754,35.581898754,38.404809390000004,42.618494680000005,42.93822863,45.881413654
-81.168068718,-47.359536902,-47.3206246,-47.3206246,0.135512772,4.41368908,4.41368908,4.767981508,4.811791862,5.801198366,26.214374304,27.754811658,27.754811658,29.513756554000004,36.088030794000005,36.088030794000005,38.58440463,43.343406376000004,45.003846004,47.637093182
-81.159633184,-47.384843504,-47.337495668,-47.337495668,0.663413932,4.4694724500000005,4.4694724500000005,4.529065416,4.963087246,5.923649666,25.480482846,26.63043661,26.63043661,28.472920504,36.793078168,36.793078168,38.80617754,43.921104398,47.191914678,49.469780972
-81.150381308,-47.409877992000006,-47.35599942,-47.35599942,1.2032881080000002,4.26810809,4.546208598,4.546208598,5.127444102,6.09671417,24.8304025,25.4834761,25.4834761,27.545283878000003,37.648060356,37.648060356,39.07148869,44.157027236000005,48.046352638,49.490733750000004
-81.141129432,-47.43355191,-47.37586374200001,-47.37586374200001,1.709692262,3.9938171780000005,4.649339804,4.649339804,5.299964378,6.358215724000001,24.263861152,24.3405973,24.3405973,26.741731236,38.622772704,38.622772704,39.378433282,43.435653022000004,47.113273732,51.89622151
-81.131605442,-47.455048916,-47.396000178,-47.396000178,2.127387252,3.713267644,4.783492006,4.783492006,5.479831732,6.7576790760000005,23.224657786,23.224657786,23.776504978000002,26.065255832,39.696534548,39.696534548,39.745787182,41.68378309,47.240895198000004,54.402663564
-81.122353566,-47.474096896,-47.416408728,-47.416408728,2.4125627240000003,3.4340786800000003,4.948665204,4.948665204,5.66133177,7.341091492000001,22.145453662,22.145453662,23.361531128,25.513680754000003,39.607281156000006,40.168924452000006,40.855468074,40.855468074,47.768796358,57.169246602
-81.113645918,-47.490151622000006,-47.43681727800001,-47.43681727800001,2.55242932,3.162236794,5.13751232,5.13751232,5.8368453,8.109541428,21.10652241,21.10652241,23.009143498000004,25.072039732,37.473635282000004,40.642130698,42.082974328,42.082974328,48.429761264,59.44194273
-81.10548249800001,-47.502668866,-47.455865258,-47.455865258,2.5720215280000005,2.905905406,5.3581967740000005,5.3581967740000005,6.0074607780000004,9.05051164,20.133442746000004,20.133442746000004,22.717981518000002,24.723189584000004,35.38298342,41.181460646000005,43.379869652,43.379869652,49.166373862,61.194084776000004
-81.09813542,-47.51246497,-47.473824782,-47.473824782,2.5048093700000003,2.671343138,5.594935954,5.594935954,6.165559012,10.12128023,19.229207924,19.229207924,22.480425996,24.429850692000002,33.368251363999995,41.77222014,44.729555092000005,44.729555092000005,49.945708358,61.263201732000006
-81.091604684,-47.519539934,-47.490151622000006,-47.490151622000006,2.39324263,2.462903814,5.839838554,5.839838554,6.302976582,11.293547342,18.409600556,18.409600556,22.287225056,24.157736692,31.495562816000003,42.400259252,46.128493166,46.128493166,50.761778244,59.02914579200001
-81.086162404,-47.524165872000005,-47.504029436,-47.504029436,2.264804822,2.286301828,6.083924812,6.083924812,6.424611540000001,12.527584332,17.694757078000002,17.694757078000002,22.138650812,23.84534982,29.822061716,43.06149627200001,47.577228102,47.577228102,51.584378866,57.404080984000004
-81.08180858,-47.527159126,-47.51518611,-47.51518611,2.142625636,2.145074662,6.305153494,6.305153494,6.522028352,13.775227022,17.102092786,17.102092786,22.027900414,23.413777016,28.447069674,43.712665074,49.065963796,49.065963796,52.369699870000005,55.994530464
-81.078815326,-47.529063924000006,-47.523349530000004,-47.523349530000004,2.04221557,2.044120368,6.487469874,6.487469874,6.594410676,14.95402487,16.655281598000002,16.655281598000002,21.95143638,22.819207926,27.479704404,44.295533262000006,50.597693502,50.597693502,53.049168528,54.870155415999996
-81.076910528,-47.529880266000006,-47.528247582,-47.528247582,1.9799014640000003,1.981262034,6.609649060000001,6.609649060000001,6.646656564000001,15.893634512000002,16.376092634,16.376092634,21.908170254,22.193073612,26.947177306,44.717854190000004,52.16969608,52.16969608,53.525912256,54.152862912
-81.0763663,-47.53015238,-47.53015238,-47.53015238,1.961125598,1.961125598,6.664888202,6.664888202,6.664888202,16.280580620000002,16.280580620000002,16.280580620000002,21.907081798,21.907081798,26.783908906,44.873775512,53.700065216000006,53.700065216000006,53.700065216000006,53.900613234
-81.076638414,-47.53069660800001,-47.529336038000004,-47.528519696000004,1.9701053600000002,1.9706495880000001,6.62325476,6.636316232,6.663527632,16.180714782,16.224797249999998,16.328472684,21.946538328000003,22.017560082000003,26.863366194,44.792141312,52.585214158,52.704672204000005,53.731902554,53.89489884
-81.07745475600001,-47.532601406000005,-47.526614898,-47.523893758,2.002214812,2.00275904,6.534545596,6.57291367,6.66815357,15.903702730000001,16.068875928,16.469699849999998,22.069261742000002,22.362872748,27.102554400000002,44.53961952,51.319339830000004,51.82220650200001,53.82687034,53.90986511
-81.07908744000001,-47.53559466,-47.522533188000004,-47.516002452,2.0511953320000003,2.056637612,6.39195786,6.467877666000001,6.66951414,15.497164414,15.841116509999999,16.698275610000003,22.231169572000002,22.879889348000003,27.49984084,44.10178809400001,50.00775035,51.157976228,53.913674706,53.98415223200001
-81.08099223800001,-47.53967637,-47.516818794,-47.505390006,2.11840749,2.133101646,6.20828091,6.330187982,6.67495642,15.009264012,15.575261132000001,17.006580772,22.417839776,23.529153352,28.048966892000003,43.480279718,48.683371512,50.73429473,53.932722686,54.202115546
-81.083713378,-47.544574422000004,-47.510015944,-47.492328534,2.198953234,2.231879028,5.993855078,6.167191696000001,6.6874736640000005,14.474015774,15.298793308000002,17.385635574,22.603965752,24.276378396000002,28.736054742,42.703938476,47.366339752,50.533474598000005,53.980886864,54.478039142
-81.086706632,-47.55056093,-47.50158041,-47.476818036,2.2871181700000003,2.352153416,5.7552111,5.982970518,6.70216782,13.91182825,15.031305246000002,17.825643912,22.778390826000003,25.097890562,29.540151612000003,41.811404556,46.06998865600001,50.516875644,54.040207716000005,54.808385538
-81.090244114,-47.55736378,-47.492328534,-47.45940274,2.3758273340000002,2.494469038,5.499968168,5.790313806,6.719038888,13.337123482,14.784225734,18.31735391,22.940298656,25.98280529,30.43731147,40.840773918,44.811733520000004,50.646946136000004,54.111229470000005,55.188256682
-81.093781596,-47.564438744,-47.482260316,-47.440626873999996,2.455284622,2.658281666,5.239010842000001,5.601194576,6.735365728,12.758337004000001,14.561908595999999,18.854234832000003,23.091866154,26.923231274000003,31.400867144000003,39.827421382000004,43.606540614000004,50.893209306,54.189054074,55.60976126800001
-81.09759119200001,-47.572057936,-47.471919984,-47.420762552,2.5159660440000002,2.8441355280000002,4.978597744000001,5.437654062,6.754685822000001,12.18118321,14.372245138000002,19.429483828000002,23.240440398,27.915358918000003,32.400069752,38.794748752000004,42.488696302,51.232807578000006,54.28402186,56.05820514
-81.101672902,-47.57967712800001,-47.461035424,-47.400354002,2.546170698,3.051486396,4.72525961,5.308127798,6.774550144,11.610015924,14.212242106000001,20.038747074,23.386293502,28.957283424,33.390020484000004,37.75853864,41.49058215,51.64995834,54.389602092000004,56.496308680000006
-81.105754612,-47.587568434,-47.450150864,-47.379945452,2.538279392,3.280878498,4.486343518,5.226765712000001,6.795230808,11.048100514,14.08053893,20.679575544,23.532962948,30.04818845,34.294255306,36.73675057,40.686757394,52.133232804,54.506338998000004,56.75127949800001
-81.109564208,-47.595187626000005,-47.439538418000005,-47.360081130000005,2.490387328,3.52795801,4.258039872,5.193567804000001,6.81373456,10.494892752000002,13.972237558,21.340540450000002,23.680992964,31.176645208000004,34.974812420000006,35.713874044,40.20620407,52.673379094000005,54.628518183999994,56.09657321400001
-81.11310169000001,-47.60226259,-47.429470200000004,-47.34103315,2.4090252420000002,3.7943576160000005,4.050961118,5.207445618,6.832510426,9.954746462,13.885433191999999,22.023274476,23.831199892,32.348912320000004,34.715759892,35.258083094,40.226068392,53.263322246,54.530829258,54.758044448
-81.116639172,-47.608793326000004,-47.420218324000004,-47.32334574000001,2.3072546060000003,3.8678283959999997,4.083614798,5.252888656,6.852918976000001,9.43419238,13.817676806,22.725056482000003,23.98276739,33.571248408,33.748122508,35.11903284,40.770024278,52.789299658000004,53.897347866000004,54.893285106
-81.11963242600001,-47.614779834000004,-47.411782790000004,-47.307563128000005,2.197864778,3.707825364,4.386205566,5.320645042000001,6.870878500000001,8.930237252000001,13.768152058000002,23.435274022,24.132157976,32.806880182,34.734535758,34.82378915,41.659837058,51.039878752,54.56756464800001,55.023899826
-81.122081452,-47.61995,-47.404707826,-47.294229542000004,2.09255666,3.574489504,4.700497236,5.394387936,6.883939971999999,8.449956042,13.729511870000001,24.146580018,24.273113028,31.905910728000002,34.281738062,36.103269178000005,42.7082923,49.336717226000005,55.144718442000006,55.314789692
-81.124258364,-47.623759596,-47.398993432000005,-47.283344982,2.00275904,3.470541956,5.020231186,5.46268855,6.896457216,8.000423714,13.704477382,24.398013354000003,24.844280314000002,31.068071722,33.864859414,37.392817424,43.79402716,47.71246876000001,54.212455878,55.250570788
-81.12589104800001,-47.62675285,-47.394639608,-47.275453676000005,1.9330978560000003,3.394077922,5.326359436,5.513845982,6.904076408,7.6004161340000005,13.684885174,24.496518622,25.487013582,30.318941880000004,33.532880334000005,38.643453368,44.807923924,46.21720233,53.058692518,55.330572304
-81.12670739,-47.62865764800001,-47.392190582000005,-47.270555624,1.889015388,3.346730086,5.547860232000001,5.578609114,6.908430232,7.291838858,13.672912157999999,24.561009639999998,25.992873508,29.742332314000002,33.315461248000005,39.718303668,44.995954698,45.595693954000005,52.215411232,55.390437383999995
-81.126979504,-47.629201876,-47.391374240000005,-47.26892294,1.874321232,3.331491702,5.558744792,5.6844614600000005,6.909790802,7.165577962,13.669374676,24.583322988000003,26.199952262,29.514028667999998,33.241990468,40.210830008,44.450366128000006,45.910257738000006,51.878261986000005,55.395335436
-81.127523732,-47.627024964,-47.390557898000004,-47.26892294,1.87486546,3.337206096,5.55384674,5.684733574000001,6.891831278,7.058092932,13.827472910000001,24.613799756000002,26.243490502,29.519198834,33.239813556,40.219537656,43.93851969400001,46.453669396,51.89322825600001,54.86797850400001
-81.128612188,-47.620494228,-47.388380986,-47.26892294,1.873232776,3.3548935060000002,5.534526646,5.680107636000001,6.767747294,6.835775794,14.263127424,24.704685832000003,26.373560994,29.534709332000002,33.22784054,40.243483688000005,43.063673184,47.409333764,51.910099324,53.708772864000004
-81.1307891,-47.609881782,-47.384843504,-47.26892294,1.863436672,3.3834654760000005,5.4967028,5.667318278000001,6.368556056,6.7410801220000005,14.910486630000001,24.854892760000002,26.587442598000003,29.559199592,33.20743199,40.277225824,42.149914372000005,48.44309485000001,51.925065594,52.38384979800001
-81.13351023999999,-47.59545974,-47.379673338,-47.26892294,1.839218526,3.4248268040000003,5.424048362000001,5.66133177,5.954126434,6.624071102,15.716488298000002,25.063604198000004,26.882958402,29.604098402,33.198996456,40.312600644,41.262278504,49.521754746,51.034164358,51.93649438200001
-81.137047722,-47.577228102,-47.373686830000004,-47.26892294,1.783979384,3.4727188680000003,5.226765712000001,5.647181842,5.6607875420000004,6.471143034,16.626981741999998,25.32837112,27.252217100000003,29.642738590000004,33.1843023,40.33790724600001,40.401581922000005,49.69890096,50.583815688,51.891867686
-81.141129432,-47.55600321,-47.366339752,-47.26892294,1.6811202920000001,3.53067915,4.907575990000001,5.538336242,5.628950204,6.299439100000001,17.615571904000003,25.6467445,27.691136982000003,29.69852196,33.181309046,39.5789813,40.341716842,48.40608734600001,51.47308424,51.82955358
-81.14575537,-47.532329292,-47.358176332000006,-47.26892294,1.514586524,3.5968028519999997,4.614781326,5.47357311,5.615888732,6.116850606,18.664027146000002,26.016275312,28.196180566,29.767638916,33.198180114,38.804272742,40.313416986,47.165519620000005,51.269815082,51.404783626000004
-81.150653422,-47.506206348,-47.349468684,-47.26892294,1.2773031160000001,3.667280378,4.406342002,5.424320476,5.598473436000001,5.921472754,19.757109084000003,26.432065504,28.758368090000005,29.841381809999998,33.238452986,38.078000476,40.24157889,45.976925668,50.194964782,50.30707575
-81.156095702,-47.478994948,-47.340216808,-47.269195054,0.9793382860000001,3.744016526,4.284162816,5.382959148,5.581874482000001,5.720380508,20.876858194,26.889761252,29.370896704000003,29.932540000000003,33.308386284,37.407511580000005,40.111236284,44.854183304,48.928001998000006,49.130182700000006
-81.161265868,-47.450967206,-47.330692818,-47.269195054,0.6432774960000001,3.822657472,4.2332774980000005,5.349489126,5.51711135,5.566908212,22.022730248000002,27.383920276,30.0277799,30.032677952,33.415054972,36.798248334,39.919668028000004,43.794843502,47.743489756,48.062135250000004
-81.166708148,-47.422667350000005,-47.321168828000005,-47.269195054,0.29279466400000004,3.9032032160000005,4.22865156,5.32254984,5.330441146,5.554663082,23.180303204,27.907467611999998,30.146421604000004,30.72711288,33.568799382,36.257285702000004,39.668234692000006,42.807886024,46.582107204,47.034360672000005
-81.17187831400001,-47.395183836,-47.311644838,-47.269195054,-0.052245888000000004,3.9815720480000003,4.248787996,5.136423864,5.320645042000001,5.5413294959999995,24.341141528,28.44815813,30.266968106,31.462364908,33.770163742,35.79387556,39.342514234,41.89058973,45.405486268000004,45.978286238
-81.176776366,-47.368788778,-47.30293719,-47.269195054,-0.37742211800000003,4.057491854,4.278176308,4.96471993,5.325270980000001,5.531261278000001,25.493272204,28.992930358,30.397038598,32.229454274,34.028127814,35.420263038,38.952302758,41.054111294,44.281383334000004,44.963845246000005
-81.181402304,-47.34457063200001,-47.294773770000006,-47.269195054,-0.672937922,4.1285136080000004,4.306748278,4.811247634,5.346767986000001,5.523097858000001,26.623089532,29.521919974000003,30.53255137,33.028653092000006,34.35303193,35.153863432,38.509845394,40.303620882000004,43.19265522,43.96954069
-81.185484014,-47.322801512,-47.287426692000004,-47.269195054,-0.931174108,4.193820968000001,4.324979916,4.676006976,5.376428412,5.5184719200000005,27.704198454000004,30.009004034000004,30.668880484,33.84962103,34.747053002,35.016717976,38.026570930000005,39.648642484,42.146921118,42.984760124000005
-81.189021496,-47.30429776,-47.28116807,-47.269467168,-1.148048966,4.2485158819999995,4.339129844,4.56199121,5.41234746,5.513301754,28.721904814,30.420440402000004,30.796774064000005,34.690725404000005,35.030323676,35.21917079200001,37.528874424,39.085638618,41.147718510000004,42.014129486
-81.191742636,-47.28933149,-47.275997904,-47.269467168,-1.319480786,4.2925983500000005,4.346204808,4.471377248,5.446089596,5.5094921580000005,29.633486714000004,30.732283046,30.911061944000004,35.205565092,35.5516941,35.762310336000006,37.05376338,38.630391896,40.212734806,41.057104548000005
-81.19391954800001,-47.27844693,-47.272460422,-47.269467168,-1.44356477,4.325252030000001,4.351647088,4.406069888,5.477382706,5.508131588,30.38560981,30.937457002000002,31.002220134,35.51523082400001,36.231162757999996,36.426812724,36.818928998000004,38.294875334000004,39.381426536000006,40.11640645000001
-81.195008004,-47.27164408,-47.27028351,-47.269467168,-1.518668234,4.345116352,4.351647088,4.365252788,5.4967028,5.5043219919999995,30.896912016,31.047935286,31.061540985999997,35.856189666,36.12667098200001,37.305468829999995,37.363701225999996,38.086980238,38.732978874000004,39.190674621999996
-81.19555223200001,-47.269467168,-47.269467168,-47.269467168,-1.5437027220000001,4.3519192019999995,4.3519192019999995,4.3519192019999995,5.503505650000001,5.503505650000001,31.08222165,31.08222165,31.08222165,36.02653303,36.02653303,38.017319054000005,38.017319054000005,38.017319054000005,38.464130242,38.464130242
-81.195008004,-47.273276764,-47.269739282,-47.269739282,-1.50615099,4.344844238,4.344844238,4.375321006,5.498879712000001,5.498879712000001,30.884939000000003,30.884939000000003,31.116508014,35.977280396000005,35.977280396000005,36.897842058,37.717993654,37.717993654,39.145775812000004,39.145775812000004
-81.193103206,-47.284161324,-47.270827738,-47.270827738,-1.394040022,4.3238914600000005,4.3238914600000005,4.44634276,5.4871788100000005,5.4871788100000005,30.330098554000003,30.330098554000003,31.218550764,35.525571156,35.941633462,35.941633462,37.551187772,37.551187772,40.312600644,40.322668862
-81.190109952,-47.301848734000004,-47.272732536,-47.272732536,-1.209002502,4.287428184,4.287428184,4.559814298,5.470035628000001,5.470035628000001,29.513212326,29.513212326,31.388894128000004,34.098605340000006,36.054288658000004,36.054288658000004,37.539486870000005,37.539486870000005,41.608679626000004,41.707184894
-81.186028242,-47.325522652000004,-47.27572579,-47.27572579,-0.9548480260000001,4.23001213,4.23001213,4.720089444,5.451531876,5.451531876,28.539860548000004,28.539860548000004,31.627265992,32.65640114,36.342729498,36.342729498,37.60479423,37.60479423,42.417402434,43.245173222
-81.18113019,-47.35327828,-47.279263272,-47.279263272,-0.6359304179999999,4.156269236,4.156269236,4.9252634,5.440647316000001,5.440647316000001,27.496847586000005,27.496847586000005,31.211747914000004,31.933666356000003,36.77892824,36.77892824,37.739762774000006,37.739762774000006,43.06884335,44.903435938
-81.17541579600001,-47.38429927600001,-47.28388921,-47.28388921,-0.259324642,4.066471616,4.066471616,5.176152508,5.43955886,5.43955886,26.433153960000002,26.433153960000002,29.779067704000003,32.308367334,37.308462084,37.308462084,37.95854243,37.95854243,43.558920664,46.657482782
-81.169429288,-47.416408728,-47.28933149,-47.28933149,0.167077996,3.964156752,3.964156752,5.44772228,5.44772228,5.46813083,25.374630500000002,25.374630500000002,28.369517184,32.75109681200001,37.802348994000006,37.802348994000006,38.365897088000004,38.365897088000004,43.888994946,48.486088862
-81.16289855200002,-47.44851818,-47.29613434,-47.29613434,0.6321208220000001,3.8528621259999998,3.8528621259999998,5.46540969,5.46540969,5.8044637340000005,24.33379445,24.33379445,26.996429940000002,33.261582676,38.155008738,38.155008738,39.050535912,39.050535912,44.095801586,50.357416840000006
-81.15663993000001,-47.47845072,-47.303753532,-47.303753532,1.121926022,3.740479044,3.740479044,5.490444178000001,5.490444178000001,6.1881444740000005,23.323707282,23.323707282,25.671506874,33.840369154,38.474470574,38.474470574,39.8919124,39.8919124,44.212266378,52.23636401
-81.150381308,-47.504845778,-47.312733294000004,-47.312733294000004,1.618806186,3.6332661280000003,3.6332661280000003,5.5203767180000005,5.5203767180000005,6.615635568,22.349267048,22.349267048,24.401550836000002,34.486912018000005,38.818966898,38.818966898,40.820365368,40.820365368,44.262879582000004,53.980070522000005
-81.144666914,-47.526342784,-47.322801512,-47.322801512,2.10344122,3.5369377720000004,3.5369377720000004,5.552758284,5.552758284,7.11033882,21.415371800000003,21.415371800000003,23.206970376,35.201755496,39.204280322,39.204280322,41.809771872000006,41.809771872000006,44.292540008,55.07179189
-81.139496748,-47.542125396,-47.333686072,-47.333686072,2.5527014340000003,3.455031458,3.455031458,5.587588876,5.587588876,7.676063826000001,20.522565766000003,20.522565766000003,22.093207774000003,35.984083246,39.636669468,39.636669468,42.84652621200001,42.84652621200001,44.315397584,54.980633700000006
-81.13487081000001,-47.551377272,-47.345659088,-47.345659088,2.9453619360000003,3.3916288960000003,3.3916288960000003,5.6191541,5.6191541,8.328593198,19.674114314,19.674114314,21.070331248000002,36.834439496,40.121304502,40.121304502,43.90722658400001,43.90722658400001,44.349411834,54.335995634
-81.13106121400001,-47.553826298000004,-47.35872056,-47.35872056,3.261558404,3.348090656,3.348090656,5.6474539560000006,5.6474539560000006,9.061124086000001,18.868928988,18.868928988,20.146504218,37.752552132000005,40.659818108,40.659818108,44.404378862,44.969015412,44.969015412,53.54604869200001
-81.12779584600001,-47.54920036,-47.37232626,-47.37232626,3.325505194,3.325505194,3.490950506,5.667590392,5.667590392,9.884813164,18.108098244,18.108098244,19.328529534,38.738421154,41.253026628,41.253026628,44.487101518,45.987538114,45.987538114,52.70440009
-81.125618934,-47.537771572000004,-47.386748302,-47.386748302,3.3233282820000003,3.3233282820000003,3.6313613300000007,5.686910486,5.686910486,10.79748352,17.390533626000003,17.390533626000003,18.621305248000002,39.791774448000005,41.90147429,41.90147429,44.597851916,46.896670988000004,46.896670988000004,51.855132296
-81.12398625,-47.520628390000006,-47.401442458000005,-47.401442458000005,3.3415599200000003,3.3415599200000003,3.686056244,5.700244072,5.700244072,11.78933905,16.722493756,16.722493756,18.027008272,40.912612014,42.605161094,42.605161094,44.731459890000004,47.47709015,47.47709015,51.114165874
-81.12316990800001,-47.498587156000006,-47.416136614,-47.416136614,3.377478968,3.377478968,3.6697294040000004,5.709495948000001,5.709495948000001,12.849767308,16.103434406,16.103434406,17.548359746,42.100661738,43.35592362,43.35592362,44.87704088,47.304569874,47.304569874,50.799874204
-81.12262568,-47.47300844,-47.43083077,-47.43083077,3.42727583,3.42727583,3.5973470800000005,5.714666114,5.714666114,13.953189578,15.534716146000001,15.534716146000001,17.196788458,43.35592362,44.137435028000006,44.137435028000006,45.019356502,46.300741328,46.300741328,50.885045886
-81.12262568,-47.445252812,-47.445252812,-47.445252812,3.4901341640000005,3.4901341640000005,3.4901341640000005,5.727183358,5.727183358,15.025590852,15.025590852,15.025590852,17.036785426,44.67839766,44.67839766,44.67839766,45.143984714000005,45.143984714000005,45.143984714000005,51.026000938
-81.12262568,-47.459130626,-47.459130626,-47.416952956,3.3565261900000003,3.548910788,3.548910788,5.716298798,5.716298798,14.557826885999999,14.557826885999999,15.740706444,17.356247262,43.241907854000004,43.241907854000004,45.201944996,45.776921878,45.776921878,46.067267516,50.947904220000005
-81.12262568,-47.472192098,-47.472192098,-47.389469442,3.227544154,3.6071431840000003,3.6071431840000003,5.714394,5.714394,14.159179876000001,14.159179876000001,15.896899880000003,18.364157518,41.62119687,41.62119687,45.17228457,46.471084692000005,46.471084692000005,47.522533188000004,51.062464214
-81.12262568,-47.484165114,-47.484165114,-47.364707068,3.1146168440000004,3.652586222,3.652586222,5.714394,5.714394,13.822846972,13.822846972,15.858531806000002,19.671937402,39.996948404,39.996948404,44.97772306,47.010686754000005,47.010686754000005,49.043922562,50.778649312
-81.122081452,-47.495321788,-47.495321788,-47.34375429,3.0340711000000002,3.680069736,3.680069736,5.72119685,5.72119685,13.558080050000001,13.558080050000001,15.799483068,21.096998420000002,38.398550768,38.398550768,44.536354152,47.357632104,47.357632104,49.703526898,50.630347182
-81.12126511,-47.504845778,-47.504845778,-47.327971678000004,2.997607824,3.680613964,3.680613964,5.739428488,5.739428488,13.366239680000001,13.366239680000001,15.753767916000001,22.594169648,36.842058688,36.842058688,43.775523408,47.55763589400001,47.55763589400001,48.930723138000005,52.281807048
-81.11990454000001,-47.513009198,-47.513009198,-47.31790346,3.0117577520000003,3.648504512,3.648504512,5.77017737,5.77017737,13.248958546,13.248958546,15.725468059999999,24.138688712,35.3340029,35.3340029,42.706115388,47.686345816,47.686345816,48.457789006000006,54.041296172
-81.117727628,-47.520084162,-47.520084162,-47.314365978,3.08305162,3.5799317840000002,3.5799317840000002,5.812082926,5.812082926,13.205420306,13.205420306,15.71594407,25.71613357,33.87547186,33.87547186,41.446499682,47.799001012000005,47.799001012000005,48.19547111,55.64785722800001
-81.11500648799999,-47.525526442,-47.525526442,-47.317359232,3.21502691,3.476800578,3.476800578,5.867866296,5.867866296,13.23426439,13.23426439,15.723563261999999,27.304735102000002,32.473540532,32.473540532,40.11640645000001,47.9328811,47.9328811,48.055604514,57.05169335400001
-81.112013234,-47.529608152,-47.529608152,-47.326611108,3.343464718,3.343464718,3.408499964,5.93752748,5.93752748,13.331681202,13.331681202,15.74723718,28.864492550000005,31.132018512000002,31.132018512000002,38.823048608,47.984310646000004,48.107850402000004,48.107850402000004,58.456073708
-81.108203638,-47.532329292,-47.532329292,-47.341577378000004,3.185910712,3.185910712,3.6591169580000003,6.0145357420000005,6.0145357420000005,13.491412120000001,13.491412120000001,15.782884114000002,29.845463520000003,29.845463520000003,30.296628532000003,37.691054367999996,47.953833878000005,48.332072338,48.332072338,59.775554494
-81.104121928,-47.534234090000005,-47.534234090000005,-47.361169586,3.014478892,3.014478892,3.962524068,6.100795880000001,6.100795880000001,13.708014864,13.708014864,15.829415608000001,28.627209142,28.627209142,31.362226955999997,36.986279108000005,47.953833878000005,48.61588724,48.61588724,60.638155874
-81.099768104,-47.535050432,-47.535050432,-47.38429927600001,2.8381490200000004,2.8381490200000004,4.3149116979999995,6.1938588679999995,6.1938588679999995,13.976319268,13.976319268,15.887648004000003,27.47943229,27.47943229,31.655293734000004,37.138935062,47.984854874,48.967186414000004,48.967186414000004,60.665367274000005
-81.09541428,-47.535050432,-47.535050432,-47.409605878,2.65991435,2.65991435,4.69124536,6.28039112,6.28039112,14.282175404,14.282175404,15.945608286,26.389071492,26.389071492,31.158413569999997,38.124804084,48.054516058000004,49.370187248,49.370187248,60.049573292000005
-81.091060456,-47.534506204,-47.534506204,-47.435728822,2.492020012,2.492020012,5.084994318000001,6.36338589,6.36338589,14.620413106000003,14.620413106000003,16.007922392,25.380889122,25.380889122,30.308873662000003,39.527823868000006,48.19030094400001,49.829787794000005,49.829787794000005,59.185611342
-81.08697874600001,-47.533689862,-47.533689862,-47.461035424,2.339636172,2.339636172,5.48037596,6.443659520000001,6.443659520000001,14.979875700000001,14.979875700000001,16.073773980000002,24.459511117999998,24.459511117999998,29.392665824,41.033158516,48.439285254000005,50.35224667400001,50.35224667400001,58.25280455000001
-81.08344126400002,-47.532601406000005,-47.532601406000005,-47.483893,2.2079329960000003,2.2079329960000003,5.853444254,6.5144091600000005,6.5144091600000005,15.345052688,15.345052688,16.137176542,23.636638382,23.636638382,28.536050952000004,42.438355212,48.88391953000001,50.931849494000005,50.931849494000005,57.30802474200001
-81.08044801,-47.53151295,-47.53151295,-47.503213094,2.1009921940000003,2.1009921940000003,6.176443572,6.57291367,6.57291367,15.69417495,15.69417495,16.193504139999998,22.932135236,22.932135236,27.806785431999998,43.57361482,49.633593600000005,51.566419342,51.566419342,56.378211204
-81.077998984,-47.53069660800001,-47.53069660800001,-47.51790725000001,2.023711818,2.023711818,6.4354961,6.621894190000001,6.621894190000001,15.995677262,15.995677262,16.240035633999998,22.384913982,22.384913982,27.25085653,44.341520528000004,50.756608078,52.263847524000006,52.263847524000006,55.484860942
-81.076638414,-47.53015238,-47.53015238,-47.526887012,1.975819754,1.975819754,6.5993087280000005,6.649377704,6.649377704,16.204660814,16.204660814,16.270240288,22.024635046000004,22.024635046000004,26.902550610000002,44.749419414,52.184934464,52.998283210000004,52.998283210000004,54.62089899200001
-81.0763663,-47.53015238,-47.53015238,-47.53015238,1.961125598,1.961125598,6.664888202,6.664888202,6.664888202,16.280580620000002,16.280580620000002,16.280580620000002,21.907081798,21.907081798,26.783908906,44.873775512,53.700065216000006,53.700065216000006,53.700065216000006,53.900613234
